S.N.,Lengths,rise,run,UpperDiameter,lowerDiameter,flowRate,specificGravityOil,UpperPressure,upperVelocity,lowerVelocity,lowerPressure
1,200.000000,1.000000,100.000000,600.000000,300.000000,100.000000,0.800000,60.000000,0.353678,1.414711,74.945477
2,400.000000,1.000000,100.000000,900.000000,200.000000,200.000000,0.800000,50.000000,0.314380,6.366198,65.220145
3,100.000000,1.000000,200.000000,500.000000,400.000000,100.000000,0.600000,40.000000,0.509296,0.795775,45.773836
4,150.000000,1.000000,100.000000,800.000000,200.000000,200.000000,0.800000,40.000000,0.397887,6.366198,39.547938
5,360.000000,1.000000,200.000000,700.000000,300.000000,100.000000,0.400000,50.000000,0.259845,1.414711,57.461223
